<?xml version="1.0" encoding="UTF-8"?>
<project-private xmlns="http://www.netbeans.org/ns/project-private/1">
    <editor-bookmarks xmlns="http://www.netbeans.org/ns/editor-bookmarks/2" lastBookmarkId="0"/>
    <open-files xmlns="http://www.netbeans.org/ns/projectui-open-files/2">
        <group>
            <file>file:/Users/Ken/Desktop/BoxFX/src/boxfx/BoxModel.java</file>
            <file>file:/Users/Ken/Desktop/BoxFX/src/boxfx/CreateCommand.java</file>
            <file>file:/Users/Ken/Desktop/BoxFX/src/boxfx/BoxView.java</file>
            <file>file:/Users/Ken/Desktop/BoxFX/src/boxfx/BoxViewController.java</file>
            <file>file:/Users/Ken/Desktop/BoxFX/src/boxfx/BoxCommand.java</file>
            <file>file:/Users/Ken/Desktop/BoxFX/src/boxfx/Box.java</file>
            <file>file:/Users/Ken/Desktop/BoxFX/src/boxfx/BoxModelListener.java</file>
            <file>file:/Users/Ken/Desktop/BoxFX/src/boxfx/BoxClipboard.java</file>
            <file>file:/Users/Ken/Desktop/BoxFX/src/boxfx/BoxFX.java</file>
        </group>
    </open-files>
</project-private>
