<?xml version="1.0" encoding="UTF-8"?>
<project-private xmlns="http://www.netbeans.org/ns/project-private/1">
    <editor-bookmarks xmlns="http://www.netbeans.org/ns/editor-bookmarks/2" lastBookmarkId="0"/>
    <open-files xmlns="http://www.netbeans.org/ns/projectui-open-files/2">
        <group>
            <file>file:/Users/Ken/NetBeansProjects/KeyBoard/src/keyboard/Trie.java</file>
            <file>file:/Users/Ken/NetBeansProjects/KeyBoard/src/keyboard/Candidate.java</file>
            <file>file:/Users/Ken/NetBeansProjects/KeyBoard/src/keyboard/KeyBoardView.java</file>
            <file>file:/Users/Ken/NetBeansProjects/KeyBoard/src/keyboard/KeyBoard.java</file>
            <file>file:/Users/Ken/NetBeansProjects/KeyBoard/src/keyboard/TrieNode.java</file>
        </group>
    </open-files>
</project-private>
