<?xml version="1.0" encoding="UTF-8"?>
<project-private xmlns="http://www.netbeans.org/ns/project-private/1">
    <editor-bookmarks xmlns="http://www.netbeans.org/ns/editor-bookmarks/2" lastBookmarkId="0"/>
    <open-files xmlns="http://www.netbeans.org/ns/projectui-open-files/2">
        <group>
            <file>file:/C:/Users/gutwin/Documents/NetBeansProjects/RowLayoutDemo/src/rowlayoutdemo/RowLayoutPane.java</file>
            <file>file:/C:/Users/gutwin/Documents/NetBeansProjects/RowLayoutDemo/src/rowlayoutdemo/SimpleCanvasPane.java</file>
            <file>file:/C:/Users/gutwin/Documents/NetBeansProjects/RowLayoutDemo/src/rowlayoutdemo/Widget.java</file>
            <file>file:/C:/Users/gutwin/Documents/NetBeansProjects/RowLayoutDemo/src/rowlayoutdemo/RowLayoutDemo.java</file>
            <file>file:/C:/Users/gutwin/Documents/NetBeansProjects/RowLayoutDemo/src/rowlayoutdemo/RowCell.java</file>
        </group>
    </open-files>
</project-private>
